{
    "findNeedle": 61.408450704225345,
    "topic_reasoning": 63.87832699619772,
    "count": 36.89320388349515,
    "plotQA": 48.237476808905384,
    "order": 27.413127413127413,
    "anomaly_reco": 23.5,
    "ego": 50.0,
    "Avg": 46.73413063477461
}