{
    "findNeedle": 60.56338028169014,
    "topic_reasoning": 66.15969581749049,
    "count": 32.038834951456316,
    "plotQA": 48.42300556586271,
    "order": 27.027027027027028,
    "anomaly_reco": 11.5,
    "ego": 50.0,
    "Avg": 45.3081876724931
}