{
    "findNeedle": 61.69014084507042,
    "topic_reasoning": 66.53992395437263,
    "count": 33.49514563106796,
    "plotQA": 48.42300556586271,
    "order": 25.868725868725868,
    "anomaly_reco": 21.5,
    "ego": 53.125,
    "Avg": 46.964121435142594
}