{
    "O3O": 40.909090909090914,
    "S2E": 57.608695652173914,
    "TAA": 48.148148148148145,
    "E2O": 48.4375,
    "SSS": 20.618556701030926,
    "T2A": 34.78260869565217,
    "S2A": 51.13636363636363,
    "E3E": 55.91397849462365,
    "S2O": 45.83333333333333,
    "SOS": 59.25925925925925,
    "T2E": 55.55555555555556,
    "SAA": 54.285714285714285,
    "O2E": 51.724137931034484,
    "T2O": 25.806451612903224,
    "TOS": 25.0,
    "T3O": 50.0,
    "T3E": 44.44444444444444,
    "Avg": 47.19917012448133
}