{
    "O3O": 39.39393939393939,
    "S2E": 63.04347826086957,
    "TAA": 37.03703703703704,
    "E2O": 50.0,
    "SSS": 31.958762886597935,
    "T2A": 43.47826086956522,
    "S2A": 60.22727272727273,
    "E3E": 59.13978494623656,
    "S2O": 48.61111111111111,
    "SOS": 65.4320987654321,
    "T2E": 61.111111111111114,
    "SAA": 57.14285714285714,
    "O2E": 52.87356321839081,
    "T2O": 35.483870967741936,
    "TOS": 37.5,
    "T3O": 50.0,
    "T3E": 44.44444444444444,
    "Avg": 51.45228215767634
}