{
    "O3O": 43.93939393939394,
    "S2E": 60.86956521739131,
    "TAA": 37.03703703703704,
    "E2O": 43.75,
    "SSS": 29.896907216494846,
    "T2A": 43.47826086956522,
    "S2A": 55.68181818181818,
    "E3E": 54.83870967741935,
    "S2O": 54.166666666666664,
    "SOS": 62.96296296296296,
    "T2E": 61.111111111111114,
    "SAA": 48.57142857142857,
    "O2E": 48.275862068965516,
    "T2O": 29.03225806451613,
    "TOS": 25.0,
    "T3O": 50.0,
    "T3E": 44.44444444444444,
    "Avg": 48.96265560165975
}