{
    "findNeedle": 68.73239436619718,
    "topic_reasoning": 76.80608365019012,
    "count": 34.95145631067961,
    "plotQA": 53.06122448979592,
    "order": 24.324324324324326,
    "anomaly_reco": 34.5,
    "ego": 54.26136363636363,
    "Avg": 51.83992640294388
}