{
    "O3O": 45.45454545454545,
    "S2E": 64.13043478260869,
    "TAA": 37.03703703703704,
    "E2O": 43.75,
    "SSS": 29.896907216494846,
    "T2A": 39.130434782608695,
    "S2A": 59.09090909090909,
    "E3E": 58.06451612903226,
    "S2O": 50.0,
    "SOS": 67.90123456790124,
    "T2E": 72.22222222222221,
    "SAA": 50.0,
    "O2E": 55.172413793103445,
    "T2O": 25.806451612903224,
    "TOS": 25.0,
    "T3O": 45.0,
    "T3E": 44.44444444444444,
    "Avg": 50.72614107883817
}