{
    "O3O": 42.42424242424242,
    "S2E": 60.86956521739131,
    "TAA": 37.03703703703704,
    "E2O": 42.1875,
    "SSS": 29.896907216494846,
    "T2A": 43.47826086956522,
    "S2A": 59.09090909090909,
    "E3E": 60.215053763440864,
    "S2O": 47.22222222222222,
    "SOS": 65.4320987654321,
    "T2E": 66.66666666666666,
    "SAA": 48.57142857142857,
    "O2E": 59.77011494252874,
    "T2O": 25.806451612903224,
    "TOS": 25.0,
    "T3O": 50.0,
    "T3E": 51.85185185185185,
    "Avg": 50.518672199170126
}