{
    "O3O": 46.96969696969697,
    "S2E": 63.04347826086957,
    "TAA": 44.44444444444444,
    "E2O": 45.3125,
    "SSS": 28.865979381443296,
    "T2A": 43.47826086956522,
    "S2A": 53.40909090909091,
    "E3E": 54.83870967741935,
    "S2O": 50.0,
    "SOS": 66.66666666666666,
    "T2E": 61.111111111111114,
    "SAA": 47.14285714285714,
    "O2E": 49.42528735632184,
    "T2O": 29.03225806451613,
    "TOS": 37.5,
    "T3O": 50.0,
    "T3E": 44.44444444444444,
    "Avg": 49.481327800829874
}