{
    "O3O": 42.42424242424242,
    "S2E": 61.95652173913043,
    "TAA": 37.03703703703704,
    "E2O": 43.75,
    "SSS": 29.896907216494846,
    "T2A": 34.78260869565217,
    "S2A": 57.95454545454546,
    "E3E": 52.68817204301075,
    "S2O": 47.22222222222222,
    "SOS": 59.25925925925925,
    "T2E": 66.66666666666666,
    "SAA": 51.42857142857142,
    "O2E": 55.172413793103445,
    "T2O": 29.03225806451613,
    "TOS": 25.0,
    "T3O": 40.0,
    "T3E": 51.85185185185185,
    "Avg": 48.85892116182573
}