{
    "findNeedle": 68.45070422535211,
    "topic_reasoning": 75.66539923954373,
    "count": 32.5242718446602,
    "plotQA": 55.287569573283854,
    "order": 25.482625482625483,
    "anomaly_reco": 37.5,
    "ego": 55.96590909090909,
    "Avg": 52.66789328426863
}