{
    "O3O": 43.93939393939394,
    "S2E": 60.86956521739131,
    "TAA": 33.33333333333333,
    "E2O": 46.875,
    "SSS": 29.896907216494846,
    "T2A": 39.130434782608695,
    "S2A": 60.22727272727273,
    "E3E": 53.76344086021505,
    "S2O": 48.61111111111111,
    "SOS": 67.90123456790124,
    "T2E": 66.66666666666666,
    "SAA": 54.285714285714285,
    "O2E": 51.724137931034484,
    "T2O": 32.25806451612903,
    "TOS": 25.0,
    "T3O": 45.0,
    "T3E": 44.44444444444444,
    "Avg": 50.10373443983403
}