{
    "findNeedle": 72.95774647887325,
    "topic_reasoning": 78.70722433460075,
    "count": 28.155339805825243,
    "plotQA": 59.74025974025974,
    "order": 26.254826254826252,
    "anomaly_reco": 45.0,
    "ego": 55.96590909090909,
    "Avg": 55.24379024839007
}