{
    "findNeedle": 70.70422535211267,
    "topic_reasoning": 79.84790874524715,
    "count": 29.126213592233007,
    "plotQA": 59.92578849721707,
    "order": 25.482625482625483,
    "anomaly_reco": 45.5,
    "ego": 54.26136363636363,
    "Avg": 54.829806807727685
}