{
    "O3O": 40.909090909090914,
    "S2E": 56.52173913043478,
    "TAA": 40.74074074074074,
    "E2O": 45.3125,
    "SSS": 29.896907216494846,
    "T2A": 43.47826086956522,
    "S2A": 62.5,
    "E3E": 56.98924731182796,
    "S2O": 43.05555555555556,
    "SOS": 62.96296296296296,
    "T2E": 55.55555555555556,
    "SAA": 52.85714285714286,
    "O2E": 54.02298850574713,
    "T2O": 35.483870967741936,
    "TOS": 25.0,
    "T3O": 50.0,
    "T3E": 40.74074074074074,
    "Avg": 49.37759336099585
}