{
    "findNeedle": 72.67605633802818,
    "topic_reasoning": 80.6083650190114,
    "count": 33.00970873786408,
    "plotQA": 58.25602968460112,
    "order": 27.413127413127413,
    "anomaly_reco": 38.5,
    "ego": 56.53409090909091,
    "Avg": 55.15179392824287
}