{
    "findNeedle": 66.47887323943662,
    "topic_reasoning": 75.2851711026616,
    "count": 34.46601941747573,
    "plotQA": 53.61781076066791,
    "order": 23.552123552123554,
    "anomaly_reco": 37.5,
    "ego": 52.27272727272727,
    "Avg": 51.24195032198712
}