{
    "O3O": 36.36363636363637,
    "S2E": 60.86956521739131,
    "TAA": 37.03703703703704,
    "E2O": 57.8125,
    "SSS": 25.773195876288657,
    "T2A": 34.78260869565217,
    "S2A": 55.68181818181818,
    "E3E": 54.83870967741935,
    "S2O": 41.66666666666667,
    "SOS": 59.25925925925925,
    "T2E": 61.111111111111114,
    "SAA": 50.0,
    "O2E": 50.57471264367817,
    "T2O": 25.806451612903224,
    "TOS": 25.0,
    "T3O": 40.0,
    "T3E": 55.55555555555556,
    "Avg": 47.82157676348548
}